Feature Type,Feature Name,FeatureSequence(tosearchforinproducts)
CDS,Zeo,ATGGCCAAGTTGACCAGTGCCGTTCCGGTGCTCACCGCGCGCGACGTCGCCGGAGCGGTCGAGTTCTGGACCGACCGGCTCGGGTTCTCACGGGACTTCGTGGAGGACGACTTCGCCGGTGTGGTCCGGGACGACGTGACCCTGTTCATCAGCGCGGTCCAGGACCAGGTGGTGCCGGACAACACCCTGGCCTGGGTGTGGGTGCGCGGCCTGGACGAGCTGTACGCCGAGTGGTCGGAGGTCGTGTCCACGAACTTCCGGGACGCCTCCGGGCCAGCCATGACCGAGATCGGCGAGCAGCCGTGGGGGCGGGAGTTCGCCCTGCGCGACCCAGCCGGCAACTGCGTGCATTTCGTGGCCGAAGAGCAGGACTAG
CDS,CAT,GAGAAAAAAATCACTGGATATACCACCGTTGATATATCCCAATGGCATCGTAAAGAACATTTTGAGGCATTTCAGTCAGTTGCTCAATGTACCTATAACCAGACCGTTCAGCTGGATATTACGGCCTTTTTAAAGACCGTAAAGAAAAATAAGCACAAGTTTTATCCGGCCTTTATTCACATTCTTGCCCGCCTGATGAATGCTCATCCGGAATTTCGTATGGCAATGAAAGACGGTGAGCTGGTGATATGGGATAGTGTTCACCCTTGTTACACCGTTTTCCATGAGCAAACTGAAACGTTTTCATCGCTCTGGAGTGAATACCACGACGATTTCCGGCAGTTTCTACACATATATTCGCAAGATGTGGCGTGTTACGGTGAAAACCTGGCCTATTTCCCTAAAGGGTTTATTGAGAATATGTTTTTCGTCTCAGCCAATCCCTGGGTGAGTTTCACCAGTTTTGATTTAAACGTGGCCAATATGGACAACTTCTTCGCCCCCGTTTTCACTATGGGCAAATATTATACGCAAGGCGACAAGGTGCTGATGCCGCTGGCGATTCAGGTTCATCATGCCGTTTGTGATGGCTTCCATGTCGGCAGAATGCTTAATGAATTACAACAGTACTGCGATGAGTGGCAGGGCGGGGCC
CDS,FXa,ATCGAAGGCCGT
CDS,AmpR,ATGAGTATTCAACATTTCCGTGTCGCCCTTATTCCCTTTTTTGCGGCATTTTGCCTTCCTGTTTTTGCTCACCCAGAAACGCTGGTGAAAGTAAAAGATGCTGAAGATCAGTTGGGTGCGCGAGTGGGTTACATCGAACTGGATCTCAACAGCGGTAAGATCCTTGAGAGTTTTCGCCCCGAAGAACGCTTTCCAATGATGAGCACTTTTAAAGTTCTGCTATGTGGCGCGGTATTATCCCGTATTGACGCCGGGCAAGAGCAACTCGGTCGCCGCATACACTATTCTCAGAATGACTTGGTTGAGTATTCACCAGTCACAGAAAAGCATCTTACGGATGGCATGACAGTAAGAGAATTATGCAGTGCTGCCATAACCATGAGTGATAACACTGCGGCCAACTTACTTCTGACAACGATTGGAGGACCGAAGGAGCTAACCGCTTTTTTGCACAACATGGGGGATCATGTAACTCGCCTTGATCGTTGGGAACCGGAGCTGAATGAAGCCATACCAAACGACGAGCGTGACACCACGATGCCTGTAGCAATGGCAACAACCTTGCGTAAACTATTAACTGGCGAACTACTTACTCTAGCTTCCCGGCAACAGTTGATAGACTGGATGGAGGCGGATAAAGTTGCAGGACCACTTCTGCGCTCGGCCCTTCCGGCTGGCTGGTTTATTGCTGATAAATCTGGAGCCGGTGAGCGTGGGTCTCGCGGTATCATTGCAGCACTGGGGCCAGATGGTAAGCCCTCCCGTATCGTAGTTATCTACACGACGGGGAGTCAGGCAACTATGGATGAACGAAATAGACAGATCGCTGAGATAGGTGCCTCACTGATTAAGCATTGGTAA
CDS,KanR,ATGATTGAACAAGATGGATTGCACGCAGGTTCTCCGGCGGCTTGGGTGGAGAGGCTATTCGGCTATGACTGGGCACAACAGACAATCGGCTGCTCTGATGCCGCCGTGTTCCGGCTGTCAGCGCAGGGGCGTCCGGTTCTTTTTGTCAAGACCGACCTGTCCGGTGCCCTGAATGAACTGCAAGACGAGGCAGCGCGGCTATCGTGGCTGGCGACGACGGGCGTTCCTTGCGCGGCTGTGCTCGACGTTGTCACTGAAGCGGGAAGGGACTGGCTGCTATTGGGCGAAGTGCCGGGGCAGGATCTCCTGTCATCTCACCTTGCTCCTGCCGAGAAAGTATCCATCATGGCTGATGCAATGCGGCGGCTGCATACGCTTGATCCGGCTACCTGCCCATTCGACCACCAAGCGAAACATCGCATCGAGCGAGCACGTACTCGGATGGAAGCCGGTCTTGTCGATCAGGATGATCTGGACGAAGAGCATCAGGGGCTCGCGCCAGCCGAACTGTTCGCCAGGCTCAAGGCGTCTATGCCCGACGGCGAGGATCTCGTCGTGACCCACGGCGATGCCTGCTTGCCGAATATCATGGTGGAAAATGGCCGCTTTTCTGGATTCATCGACTGTGGCCGTCTGGGTGTGGCGGACCGCTATCAGGACATAGCGTTGGCTACCCGTGATATTGCTGAAGAGCTTGGCGGCGAATGGGCTGACCGCTTCCTTGTGCTTTACGGTATCGCCGCGCCCGATTCGCAGCGCATCGCCTTCTATCGCCTTCTTGACGAGTTCTTCTGA
CDS,Puro,ATGACCGAGTACAAGCCCACGGTGCGCCTCGCCACCCGCGACGACGTCCCCAGGGCCGTACGCACCCTCGCCGCCGCGTTCGCCGACTACCCCGCCACGCGCCACACCGTCGATCCGGACCGCCACATCGAGCGGGTCACCGAGCTGCAAGAACTCTTCCTCACGCGCGTCGGGCTCGACATCGGCAAGGTGTGGGTCGCGGACGACGGCGCCGCGGTGGCGGTCTGGACCACGCCGGAGAGCGTCGAAGCGGGGGCGGTGTTCGCCGAGATCGGCCCGCGCATGGCCGAGTTGAGCGGTTCCCGGCTGGCCGCGCAGCAACAGATGGAGGGCCTCCTGGCGCCGCACCGGCCCAAGGAGCCCGCGTGGTTCCTGGCCACCGTCGGCGTCTCGCCCGACCACCAGGGCAAGGGTCTGGGCAGCGCCGTCGTGCTCCCCGGAGTGGAGGCCGCCGAGCGCGCCGGGGTGCCCGCCTTCCTGGAGACCTCCGCGCCCCGCAACCTCCCCTTCTACGAGCGGCTCGGCTTCACCGTCACCGCCGACGTCGAGGTGCCCGAAGGACCGCGCACCTGGTGCATGACCCGCAAGCCCGGTGCCTAG
CDS,Puro,ATGACCGAGTACAAGCCCACGGTGCGCCTCGCCACCCGCGACGACGTCCCCAGGGCCGTACGCACCCTCGCCGCCGCGTTCGCCGACTACCCCGCCACGCGCCACACCGTCGATCCGGACCGCCACATCGAGCGGGTCACCGAGCTGCAAGAACTCTTCCTCACGCGCGTCGGGCTCGACATCGGCAAGGTGTGGGTCGCGGACGACGGCGCCGCGGTGGCGGTCTGGACCACGCCGGAGAGCGTCGAAGCGGGGGCGGTGTTCGCCGAGATCGGCCCGCGCATGGCCGAGTTGAGCGGTTCCCGGCTGGCCGCGCAGCAACAGATGGAGGGCCTCCTGGCGCCGCACCGGCCCAAGGAGCCCGCGTGGTTCCTGGCCACCGTCGGCGTCTCGCCCGACCACCAGGGCAAGGGTCTGGGCAGCGCCGTCGTGCTCCCCGGAGTGGAGGCCGCCGAGCGCGCCGGGGTGCCCGCCTTCCTGGAGACCTCCGCGCCCCGCAACCTCCCCTTCTACGAGCGGCTCGGCTTCACCGTCACCGCCGACGTCGAGGTGCCCGAAGGACCGCGCACCTGGTGCATGACCCGCAAGCCCGGTGCTTAG
promoter,T7 Prom to plus 1,TAATACGACTCACTATAG�
,KanR,ATGATTGAACAAGATGGATTGCACGCAGGTTCTCCGGCCGCTTGGGTGGAGAGGCTATTCGGCTATGACTGGGCACAACAGACAATCGGCTGCTCTGATGCCGCCGTGTTCCGGCTGTCAGCGCAGGGGCGCCCGGTTCTTTTTGTCAAGACCGACCTGTCCGGTGCCCTGAATGAACTGCAAGACGAGGCAGCGCGGCTATCGTGGCTGGCCACGACGGGCGTTCCTTGCGCAGCTGTGCTCGACGTTGTCACTGAAGCGGGAAGGGACTGGCTGCTATTGGGCGAAGTGCCGGGGCAGGATCTCCTGTCATCTCACCTTGCTCCTGCCGAGAAAGTATCCATCATGGCTGATGCAATGCGGCGGCTGCATACGCTTGATCCGGCTACCTGCCCATTCGACCACCAAGCGAAACATCGCATCGAGCGAGCACGTACTCGGATGGAAGCCGGTCTTGTCGATCAGGATGATCTGGACGAAGAGCATCAGGGGCTCGCGCCAGCCGAACTGTTCGCCAGGCTCAAGGCGAGCATGCCCGACGGCGAGGATCTCGTCGTGACCCATGGCGATGCCTGCTTGCCGAATATCATGGTGGAAAATGGCCGCTTTTCTGGATTCATCGACTGTGGCCGGCTGGGTGTGGCGGACCGCTATCAGGACATAGCGTTGGCTACCCGTGATATTGCTGAAGAGCTTGGCGGCGAATGGGCTGACCGCTTCCTCGTGCTTTACGGTATCGCCGCTCCCGATTCGCAGCGCATCGCCTTCTATCGCCTTCTTGACGAGTTCTTCTGA
,E4 ORF4,CTACTGTACGGAGTGCGCCGAGACAACCGAGATCGTGTTGGTCGTAGTGTCATGCCAAATGGAACGCCGGACGTAGTCAT��ATTTCCTGAAGCAAAACCAGGTGCGGGCGTGACAAACAGATCTGCGTCTCCGGTCTCGCCGCTTAGATCGCTCTGTGTAGTAGTTGTAGTATATCCACTCTCTCAAAGCATCCAGGCGCCCCCTGGCTTCGGGTTCTATGTAAACTCCTTCATGCGCCGCTGCCCTGATAACATCCACCACCGCAGAATAAGCCACACCCAGCCAACCTACACATTCGTTCTGCGAGTCACACACGGGAGGAGCGGGAAGAGCTGGAAGAACCAT�
rep_origin,OriP,
CDS,�hNIS,ATGGAGGCCGTGGAGACCGGGGAACGGCCCACCTTCGGAGCCTGGGACTACGGGGTCTTTGCCCTCATGCTCCTGGTGTCCACTGGCATCGGGCTGTGGGTCGGGCTGGCTCGGGGCGGGCAGCGCAGCGCTGAGGACTTCTTCACCGGGGGCCGGCGCCTGGCGGCCCTGCCCGTGGGCCTGTCGCTGTCTGCCAGCTTCATGTCGGCCGTGCAGGTGCTGGGCGTGCCGTCGGAGGCCTATCGCTATGGCCTCAAGTTCCTCTGGATGTGCCTGGGCCAGCTTCTGAACTCGGTCCTCACCGCCCTGCTCTTCATGCCCGTCTTCTACCGCCTGGGCCTCACCAGCACCTACGAGTACCTGGAGATGCGCTTCAGCCGCGCAGTGCGGCTCTGCGGGACTTTGCAGTACATTGTAGCCACGATGCTGTACACCGGCATCGTAATCTACGCACCGGCCCTCATCCTGAACCAAGTGACCGGGCTGGACATCTGGGCGTCGCTCCTGTCCACCGGAATTATCTGCACCTTCTACACGGCTGTGGGCGGCATGAAGGCTGTGGTCTGGACTGATGTGTTCCAGGTCGTGGTGATGCTAAGTGGCTTCTGGGTTGTCCTGGCACGCGGTGTCATGCTTGTGGGCGGGCCCCGCCAGGTGCTCACGCTGGCCCAGAACCACTCCCGGATCAACCTCATGGACTTTAACCCTGACCCGAGGAGCCGCTATACATTCTGGACTTTTGTGGTGGGTGGCACGTTGGTGTGGCTCTCCATGTATGGCGTGAACCAGGCGCAGGTGCAGCGCTACGTGGCTTGCCGCACAGAGAAGCAGGCCAAGCTGGCCCTGCTCATCAACCAGGTCGGCCTGTTCCTGATCGTGTCCAGCGCTGCCTGCTGTGGCATCGTCATGTTTGTGTTCTACACTGACTGCGACCCTCTCCTCCTGGGGCGCATCTCTGCCCCAGACCAGTACATGCCTCTGCTGGTGCTGGACATCTTCGAAGATCT�GCCTGGAGTCCCCGGGCTTTTCCTGGCCTGTGCTTACAGTGGCACCCTCAGCACAGCATCCACCAGCATCAATGCTATGGCTGCAGTCACTGTAGAAGACCTCATCAAACCTCGGCTGCGGAGCCTGGCACCCAGGAAACTCGTGATTATCTCCAAGGGGCTCTCACTCATCTACGGATCGGCCTGTCTCACCGTGGCAGCCCTGTCCTCACTGCTCGGAGGAGGTGTCCTTCAGGGCTCCTTCACCGTCATGGGAGTCATCAGCGGCCCCCTGCTGGGAGCCTTCATCTTGGGAATGTTCCTGCCGGCCTGCAACACACCGGGCGTCCTCGCGGGACTAGGCGCGGGCTTGGCGCTGTCGCTGTGGGTGGCCTTGGGCGCCACGCTGTACCCACCCAGCGAGCAGACCATGAGGGTCCTGCCATCGTCGGCTGCCCGCTGCGTGGCTCTCTCAGTCAACGCCTCTGGCCTCCTGGACCCGGCTCTCCTCCCTGCTAACGACTCCAGCAGGGCCCCCAGCTCAGGAATGGACGCCAGCCGACCCGCCTTAGCTGACAGCTTCTATGCCATCTCCTATCTCTATTACGGTGCCCTGGGCACGCTGACCACTGTGCTGTGCGGAGCCCTCATCAGCTGCCTGACAGGCCCCACCAAGCGCAGCACCCTGGCCCCGGGATTGTTGTGGTGGGACCTCGCACGGCAGACAGCATCAGTGGCCCCCAAGGAAGAAGTGGCCATCCTGGATGACAACTTGGTCAAGGGTCCTGAAGAACTCCCCACTGGAAACAAGAAGCCCCCTGGCTTCCTGCCCACCAATGAGGATCGTCTGTTTTTCTTGGGGCAGAAGGAGCTGGAGGGGGCTGGCTCTTGGACCCCCTGTGTTGGACATGATGGTGGTCGAGACCAGCAGGAGACAAACCTC�
misc_feature,293 Stop,TAGTAGTAGGCTAG
